Model,Gaussians,PSNR (dB),SSIM,MAE,MSE
WMSE + scale_reg,49484,37.41 ± 1.19,0.9801 ± 0.0041,0.00310 ± 0.00086,0.000188 ± 0.000053
WMSE + SSIM + scale_reg,47564,37.97 ± 1.43,0.9869 ± 0.0030,0.00271 ± 0.00087,0.000168 ± 0.000056
WMSE + SSIM + Edge + scale_reg,47564,38.14 ± 1.62,0.9874 ± 0.0032,0.00268 ± 0.00091,0.000164 ± 0.000061
Full (+ Intensity Sparsity),41471,38.15 ± 1.45,0.9875 ± 0.0028,0.00266 ± 0.00085,0.000161 ± 0.000054
